Индекс производства (оперативные данные) (ОКВЭД2),,,,,,,,,,,,,,,,,,,,,,,,,,,,,,,,,,,,,
,,2022,,,,,,,,,,,,2023,,,,,,,,,,,,2024,,,,,,,,,,,
,,январь,февраль,март,апрель,май,июнь,июль,август,сентябрь,октябрь,ноябрь,декабрь,январь,февраль,март,апрель,май,июнь,июль,август,сентябрь,октябрь,ноябрь,декабрь,январь,февраль,март,апрель,май,июнь,июль,август,сентябрь,октябрь,ноябрь,декабрь
,,К соответствующему периоду предыдущего года,К соответствующему периоду предыдущего года,К соответствующему периоду предыдущего года,К соответствующему периоду предыдущего года,К соответствующему периоду предыдущего года,К соответствующему периоду предыдущего года,К соответствующему периоду предыдущего года,К соответствующему периоду предыдущего года,К соответствующему периоду предыдущего года,К соответствующему периоду предыдущего года,К соответствующему периоду предыдущего года,К соответствующему периоду предыдущего года,К соответствующему периоду предыдущего года,К соответствующему периоду предыдущего года,К соответствующему периоду предыдущего года,К соответствующему периоду предыдущего года,К соответствующему периоду предыдущего года,К соответствующему периоду предыдущего года,К соответствующему периоду предыдущего года,К соответствующему периоду предыдущего года,К соответствующему периоду предыдущего года,К соответствующему периоду предыдущего года,К соответствующему периоду предыдущего года,К соответствующему периоду предыдущего года,К соответствующему периоду предыдущего года,К соответствующему периоду предыдущего года,К соответствующему периоду предыдущего года,К соответствующему периоду предыдущего года,К соответствующему периоду предыдущего года,К соответствующему периоду предыдущего года,К соответствующему периоду предыдущего года,К соответствующему периоду предыдущего года,К соответствующему периоду предыдущего года,К соответствующему периоду предыдущего года,К соответствующему периоду предыдущего года,К соответствующему периоду предыдущего года
Тюменская область (кроме Ханты-Мансийского автономного округа-Югры и Ямало-Ненецкого автономного округа),ДОБЫЧА ПОЛЕЗНЫХ ИСКОПАЕМЫХ,97.7,96.2,96.5,90.2,85.6,87.5,88.7,89.6,90,90.4,90.5,90.6,92,93.1,93.3,99.6,105,102.7,101.8,101.1,100.7,100.4,100.2,100,96,97,97.8,97.7,97.6,97.6,97.6,97.7,97.6,97.6,97.6,97.5
Тюменская область (кроме Ханты-Мансийского автономного округа-Югры и Ямало-Ненецкого автономного округа),Добыча прочих полезных ископаемых,142.6,224.1,162.7,123,120.1,112.3,125.2,149.2,148.9,160.7,167,169.6,78.4,51.5,50.9,89.4,95.7,92.8,113.4,98.6,95.6,93.4,94.5,92.8,180.6,187.2,226.2,132.9,120.7,125,87,93.8,95.2,94.4,93,93.5
Тюменская область (кроме Ханты-Мансийского автономного округа-Югры и Ямало-Ненецкого автономного округа),Предоставление услуг в области добычи полезных ископаемых,171.6,134.4,140.4,144.3,144.7,151.5,145.8,137.7,129.2,126.8,120.5,118.2,111.1,116.7,114,107,103.1,98.5,105,108.8,112.3,114.6,117.7,120,114.5,121.2,130.4,125.7,124.3,127,123,121.1,118.1,116.6,114.8,112.4
Тюменская область (кроме Ханты-Мансийского автономного округа-Югры и Ямало-Ненецкого автономного округа),ОБРАБАТЫВАЮЩИЕ ПРОИЗВОДСТВА,107.4,106.8,103.4,96.8,99.9,98.8,96.5,96,95.5,95.9,96.6,96.7,99.7,102.9,107.5,114.9,113.8,114.4,115.3,115.2,115.3,115.4,114.6,113.8,105.4,106.5,105.1,104.9,104.8,102.2,101.4,101.9,101.5,100.8,99.9,99.6
Тюменская область (кроме Ханты-Мансийского автономного округа-Югры и Ямало-Ненецкого автономного округа),Производство пищевых продуктов,104.1,101.9,100.9,99.1,100.4,101.3,101.6,101.4,100.9,100.5,101.2,101.3,113.7,114.6,116.6,115.4,115.1,114.6,114.1,113.5,114.4,115.4,115.6,115.3,117.9,116.1,110.6,112.8,112.4,112.2,111.3,111.2,109.8,109.6,108.4,108.4
Тюменская область (кроме Ханты-Мансийского автономного округа-Югры и Ямало-Ненецкого автономного округа),Производство напитков,101.3,120.2,122.4,121,118.8,118,122.9,125.9,125.6,123.5,123.5,121,132.7,114.8,117.8,114,112.6,109.4,109.4,108,106.8,107.2,105.7,103.9,80.4,80.2,81.4,86.5,88,88.1,87.6,85.7,85.5,86.4,86.9,89.6
Тюменская область (кроме Ханты-Мансийского автономного округа-Югры и Ямало-Ненецкого автономного округа),Производство текстильных изделий,123.9,81.6,66.2,57,65.7,63.9,54.9,56.6,50.9,49.3,48.9,51.8,48.6,67.6,62.3,76.3,57.2,52.6,54.1,54.6,57.9,56.4,55.3,53.8,153.8,72.3,72.3,62.6,68.4,71.3,90.2,86.4,95.7,101.3,106,101.1
Тюменская область (кроме Ханты-Мансийского автономного округа-Югры и Ямало-Ненецкого автономного округа),Производство одежды,121,133.5,134.7,127.1,129.2,129.6,129.8,128.6,129.8,130,128.5,126.1,56.9,55.5,57.4,50.9,53.1,49.4,49.4,50,49.2,50.2,51.4,52.5,107,103.6,93.4,106.7,94.7,94.1,91.1,89.6,91.9,93.8,92.8,91.2
Тюменская область (кроме Ханты-Мансийского автономного округа-Югры и Ямало-Ненецкого автономного округа),Производство кожи и изделий из кожи,138.3,129.6,177.1,199,174.6,168.2,140.4,114.3,98.8,97,87.5,75.1,93.4,93.9,98.1,99.8,115.7,107.1,112.4,115.8,111.7,108.4,110,110.9,127.8,149.3,123.6,105.9,96.9,86.6,84.5,85.3,89.9,89.7,87.6,86.8
Тюменская область (кроме Ханты-Мансийского автономного округа-Югры и Ямало-Ненецкого автономного округа),"Обработка древесины и производство изделий из дерева и пробки, кроме мебели, производство изделий из соломки и материалов для плетения",90.1,96.9,78,76.8,74.9,71.6,68.2,62.5,60.8,59.8,59.6,59.2,56.1,58.9,80.4,83.8,89.6,95.1,100.8,104.6,108.3,111.8,114.3,110.6,251.8,207.2,177.8,159.7,151.2,144.5,146,147.3,148.7,149.6,147.7,145.2
Тюменская область (кроме Ханты-Мансийского автономного округа-Югры и Ямало-Ненецкого автономного округа),Производство бумаги и бумажных изделий,112.3,126.4,136.1,119.8,127.4,123.9,118.5,115.2,112.9,113.3,108.5,109.2,101.5,79.9,75,81.1,75.7,79.7,85.6,88.6,89.3,90.1,93.8,93.2,82.5,104.6,106.3,112,121.1,116.3,114.6,113.3,111.9,112.2,109.7,108.5
Тюменская область (кроме Ханты-Мансийского автономного округа-Югры и Ямало-Ненецкого автономного округа),Деятельность полиграфическая и копирование носителей информации,135.5,180.1,195.8,198.7,189.5,170.5,174.6,148.8,133,144.4,150.6,159,123.2,77.9,61.6,60.1,59.8,57.9,59.7,69,70.3,66,61.9,59.3,93.5,152.3,141,132.9,121.9,124.9,115.9,102.3,103.3,101.4,103.1,113.1
Тюменская область (кроме Ханты-Мансийского автономного округа-Югры и Ямало-Ненецкого автономного округа),Производство кокса и нефтепродуктов,87,85.8,82.7,82.6,88.4,90.5,88.6,87.3,86.2,85.2,85.3,85.8,110.8,114.8,119.5,117.7,116.7,122.2,122.3,122,122.1,122.2,120.4,118.6,103.6,100.8,101.3,103.1,104.9,103.2,102.6,103.5,100.5,100.3,101.5,101.5
Тюменская область (кроме Ханты-Мансийского автономного округа-Югры и Ямало-Ненецкого автономного округа),Производство химических веществ и химических продуктов,114.3,115.2,111.2,100.5,102.9,100.2,97.3,97.4,97,98,99,98.7,96.7,99.2,104.7,116.6,114.2,112.7,114.4,113.8,114.1,114.4,113.7,113.3,105,107.7,105.4,104.4,103.6,100.8,99.8,100.6,100.8,99.5,97.6,97
Тюменская область (кроме Ханты-Мансийского автономного округа-Югры и Ямало-Ненецкого автономного округа),"Производство лекарственных средств и материалов, применяемых в медицинских целях и ветеринарии",125.6,125.1,125.9,128.4,105.3,103,105,103.1,104.3,110.5,115.4,115.5,129.1,144.2,133.1,123.2,123,119,120.4,123.8,129.4,119.8,115.4,113.7,97.9,86.3,88.9,99.8,99.8,103.7,103.5,98.2,92,94.8,102.1,103.8
Тюменская область (кроме Ханты-Мансийского автономного округа-Югры и Ямало-Ненецкого автономного округа),Производство резиновых и пластмассовых изделий,120.4,112,117.1,112.7,109.6,111.5,114.6,117.2,116,116.6,115,111.8,95,99.5,106,107.5,115.3,113.9,110.9,110.1,109.4,108.6,107.3,109,105.2,120.1,116,111.6,109.5,106.4,107.2,105,105.6,105.6,104.9,103.4
Тюменская область (кроме Ханты-Мансийского автономного округа-Югры и Ямало-Ненецкого автономного округа),Производство прочей неметаллической минеральной продукции,135.9,138.2,136.7,134.2,123.3,117.1,112.5,111,110.1,109.7,109.6,110.1,90.3,100.9,105,115.5,123,117.9,116.7,119.5,123.6,127.2,131.5,129.4,115.7,104.6,98.3,88.8,87.3,90,91.4,90.5,90.6,91.3,91.6,92.5
Тюменская область (кроме Ханты-Мансийского автономного округа-Югры и Ямало-Ненецкого автономного округа),Производство металлургическое,84.9,103.3,109.2,106.5,101.1,100.7,103.6,106,106.9,107.1,104.9,103.5,119.2,103.7,98.1,96.4,100,102.8,102.7,102.8,102.8,103.1,104.3,105.1,83.2,95,96,98,98.4,95.5,95,95,94.5,95.7,95.8,95.7
Тюменская область (кроме Ханты-Мансийского автономного округа-Югры и Ямало-Ненецкого автономного округа),"Производство готовых металлических изделий, кроме машин и оборудования",174.1,169.2,174.6,154,150.2,142.8,131.6,123.9,118.4,118.5,118.9,118.1,78.2,87.8,89.2,91.9,98.9,106.7,110.9,111.8,110.4,107.1,105.3,104.2,132.9,143.5,136.5,130.3,124.1,113.3,109.1,106.1,106.2,106.7,108.2,107.7
Тюменская область (кроме Ханты-Мансийского автономного округа-Югры и Ямало-Ненецкого автономного округа),"Производство компьютеров, электронных и оптических изделий",45.6,46.8,66.8,65.4,72.7,69.8,77.5,82.5,83.1,85.9,109.5,110.4,92.6,242.5,217.2,258,242.3,235.9,215.5,208.1,200.6,203.3,156.3,145,204.9,118.1,90.5,74.7,69.1,66.8,68.7,68.1,71,72.5,78.2,82.6
Тюменская область (кроме Ханты-Мансийского автономного округа-Югры и Ямало-Ненецкого автономного округа),Производство электрического оборудования,107.1,96.7,92.3,96.5,99.6,97.6,96.9,96.1,95.6,100.1,101.9,101.4,105.9,98.6,99.5,97.4,102.8,107.8,109.7,113.8,114.2,110.3,109.5,108.2,115.6,129.4,133.3,134.3,128.9,123.7,123.1,116,119.1,120.3,119.4,120.9
Тюменская область (кроме Ханты-Мансийского автономного округа-Югры и Ямало-Ненецкого автономного округа),"Производство машин и оборудования, не включенных в другие группировки",190.4,142.2,108.6,103.8,103.3,96.2,96,86.4,91.8,90.5,94.1,106,61.8,72.9,66.8,79.4,80.2,94,90.7,94.9,86.5,86.2,89.8,85.7,68.9,58.2,90.2,94.3,107.9,93.4,94,97.6,106.8,109.7,108.6,113.7
Тюменская область (кроме Ханты-Мансийского автономного округа-Югры и Ямало-Ненецкого автономного округа),"Производство автотранспортных средств, прицепов и полуприцепов",156.8,173,183,176.2,181.6,185.7,203.3,197.4,186.1,175.4,173.3,178.6,81.3,89.3,101.3,94.9,95.8,98,94,97.2,100.6,102.3,101.7,100,260.6,196.6,158,159.2,159.2,150.2,144.8,137.2,151.7,149.1,146.2,138.4
Тюменская область (кроме Ханты-Мансийского автономного округа-Югры и Ямало-Ненецкого автономного округа),Производство прочих транспортных средств и оборудования,108.9,128.2,116.4,115.9,155.9,183.1,177.5,172.6,162.6,160.3,158.6,155.1,102,48.7,141.6,140.5,116,102.9,110.5,116.5,121.3,124.5,127.2,129.8,123.4,122.6,52.1,60.2,67,72.4,75.2,77.9,80.5,81.1,81.6,93.4
Тюменская область (кроме Ханты-Мансийского автономного округа-Югры и Ямало-Ненецкого автономного округа),Производство мебели,147.8,103.8,94.8,104.5,107.9,110.1,99.5,96.3,95.2,96.1,103.4,109.5,83.1,90.3,89.6,83,90.9,97.7,106,118.9,117,125,117.9,113.8,117.7,119.4,117.2,112.7,106.4,101.6,101.4,91.5,96,90.1,89.4,89.9
Тюменская область (кроме Ханты-Мансийского автономного округа-Югры и Ямало-Ненецкого автономного округа),Производство прочих готовых изделий,132.5,109.1,109.9,102.9,100.9,97.1,98.4,98.8,99.1,98.1,100.3,99.9,87.4,99.6,94.6,99.6,105.9,103,102.1,103.6,102.8,102.8,101,100.4,112.5,108.5,101.4,100,100.8,100.6,100.9,98.6,99,100.5,100.2,103.4
Тюменская область (кроме Ханты-Мансийского автономного округа-Югры и Ямало-Ненецкого автономного округа),Ремонт и монтаж машин и оборудования,96.7,104.8,116.6,118,124.1,115,121.5,125.3,126.1,130.2,125.2,114.3,104.9,112.3,127,112.9,107.7,114,102.3,106.9,100.9,94.2,105.2,106.2,86,100.8,93.5,112.9,109.6,107.6,112.8,103.6,111.9,120.9,119.6,117.7
